City_ID,City,Country,Date,Lat,Lng,Max Temp,Humidity,Cloudiness,Wind Speed
0,Barrow,US,2021-10-05 21:11:26,71.2906,-156.7887,24.82,86,90,12.66
1,Hithadhoo,MV,2021-10-05 21:11:26,-0.6,73.0833,83.35,76,92,16.96
2,Mount Gambier,AU,2021-10-05 21:11:50,-37.8333,140.7667,42.53,92,49,6.71
3,Hilo,US,2021-10-05 21:10:05,19.7297,-155.09,80.8,75,20,8.05
4,New Norfolk,AU,2021-10-05 21:11:31,-42.7826,147.0587,49.5,46,98,3.42
5,Jamestown,US,2021-10-05 21:08:43,42.097,-79.2353,76.32,79,75,4.0
6,Kaitangata,NZ,2021-10-05 21:11:44,-46.2817,169.8464,53.29,93,100,12.41
7,Ushuaia,AR,2021-10-05 21:11:32,-54.8,-68.3,44.26,53,0,17.27
8,Ambon,ID,2021-10-05 21:16:02,-3.6954,128.1814,75.34,94,20,6.91
9,Ilulissat,GL,2021-10-05 21:12:11,69.2167,-51.1,22.8,66,90,9.44
10,Punta Arenas,CL,2021-10-05 21:07:54,-53.15,-70.9167,48.31,40,0,18.41
11,Rikitea,PF,2021-10-05 21:11:54,-23.1203,-134.9692,74.44,77,57,19.98
12,Souillac,MU,2021-10-05 21:13:39,-20.5167,57.5167,71.37,82,12,5.66
13,Salinopolis,BR,2021-10-05 21:13:21,-0.6136,-47.3561,81.7,72,52,12.1
14,Muros,ES,2021-10-05 21:11:39,42.7762,-9.0603,62.24,93,7,5.46
15,Touros,BR,2021-10-05 21:14:21,-5.1989,-35.4608,79.7,78,50,15.99
16,Bethel,US,2021-10-05 21:14:04,41.3712,-73.414,63.99,86,90,5.75
17,Lewiston,US,2021-10-05 21:12:38,44.1003,-70.2148,65.03,80,90,3.44
18,Ola,RU,2021-10-05 21:16:05,59.5833,151.2833,26.1,59,0,10.74
19,Bluff,NZ,2021-10-05 21:12:05,-46.6,168.3333,56.8,93,100,7.72
20,Saskylakh,RU,2021-10-05 21:12:09,71.9167,114.0833,22.05,95,100,6.11
21,Chokurdakh,RU,2021-10-05 21:11:36,70.6333,147.9167,20.62,89,100,10.18
22,Nabire,ID,2021-10-05 21:16:06,-3.3667,135.4833,75.13,92,100,3.89
23,Castro,BR,2021-10-05 21:10:04,-24.7911,-50.0119,63.41,86,92,7.43
24,Juba,SS,2021-10-05 21:16:08,4.8517,31.5825,74.26,77,70,3.74
25,Bambous Virieux,MU,2021-10-05 21:14:19,-20.3428,57.7575,71.22,82,7,6.91
26,Karratha,AU,2021-10-05 21:12:02,-20.7377,116.8463,71.02,28,0,14.79
27,Wah,PK,2021-10-05 21:16:09,33.798,72.6957,73.0,63,0,3.31
28,Iqaluit,CA,2021-10-05 21:12:53,63.7506,-68.5145,38.7,80,42,18.01
29,Makambako,TZ,2021-10-05 21:16:10,-8.8453,34.823,59.23,59,14,6.31
30,Cape Town,ZA,2021-10-05 21:11:44,-33.9258,18.4232,62.35,59,1,3.0
31,Geraldton,AU,2021-10-05 21:13:44,-28.7667,114.6,45.01,93,89,3.44
32,Ribeira Grande,PT,2021-10-05 21:11:30,38.5167,-28.7,72.91,88,100,12.97
33,Albany,US,2021-10-05 21:11:25,42.6001,-73.9662,61.81,95,100,1.3
34,Lebu,CL,2021-10-05 21:12:47,-37.6167,-73.65,51.12,69,0,24.2
35,Hirara,JP,2021-10-05 21:16:12,24.8,125.2833,82.31,80,20,22.3
36,Busselton,AU,2021-10-05 21:12:49,-33.65,115.3333,37.04,74,60,4.76
37,Vesoul,FR,2021-10-05 21:16:12,47.5833,5.8333,52.61,94,49,9.75
38,Bilibino,RU,2021-10-05 21:12:07,68.0546,166.4372,11.75,95,100,3.04
39,The Valley,AI,2021-10-05 21:13:28,18.217,-63.0578,86.14,66,20,17.27
40,Kapaa,US,2021-10-05 21:12:00,22.0752,-159.319,82.72,69,20,5.01
41,Mar Del Plata,AR,2021-10-05 21:11:32,-38.0023,-57.5575,69.82,60,0,18.99
42,Kruisfontein,ZA,2021-10-05 21:13:37,-34.0033,24.7314,57.88,93,0,5.61
43,San Quintin,MX,2021-10-05 21:16:14,30.4833,-115.95,74.55,64,11,12.1
44,Ugoofaaru,MV,2021-10-05 21:16:15,5.6667,73.0,82.47,76,100,19.8
45,Mataura,NZ,2021-10-05 21:11:27,-46.1927,168.8643,56.48,92,100,5.21
46,Shenjiamen,CN,2021-10-05 21:16:15,29.9576,122.298,77.36,85,2,14.12
47,Masvingo,ZW,2021-10-05 21:13:38,-20.0637,30.8277,60.6,94,10,7.29
48,Salinas,US,2021-10-05 21:16:16,36.6777,-121.6555,82.58,63,1,13.8
49,Qaanaaq,GL,2021-10-05 21:11:25,77.484,-69.3632,26.64,91,100,5.75
50,Avarua,CK,2021-10-05 21:11:52,-21.2078,-159.775,78.85,65,20,20.71
51,Puerto Ayora,EC,2021-10-05 21:11:34,-0.7393,-90.3518,70.56,87,70,5.99
52,Olafsvik,IS,2021-10-05 21:12:41,64.8945,-23.7142,40.32,71,97,14.85
53,Severo-Kurilsk,RU,2021-10-05 21:13:03,50.6789,156.125,43.45,80,52,21.16
54,Santa Isabel Do Rio Negro,BR,2021-10-05 21:16:18,-0.4139,-65.0192,85.98,65,91,3.83
55,Sinnamary,GF,2021-10-05 21:16:18,5.3833,-52.95,82.65,75,72,8.34
56,Seoul,KR,2021-10-05 21:12:18,37.5683,126.9778,69.31,88,100,4.99
57,Svetlyy,RU,2021-10-05 21:14:38,54.675,20.1347,59.05,48,8,24.14
58,Cherskiy,RU,2021-10-05 21:13:24,68.75,161.3,7.81,97,99,3.53
59,Leningradskiy,RU,2021-10-05 21:14:32,69.3833,178.4167,30.02,98,100,8.86
60,Vao,NC,2021-10-05 21:12:25,-22.6667,167.4833,71.49,88,21,2.01
61,College,US,2021-10-05 21:12:22,64.8569,-147.8028,38.23,88,75,0.0
62,Saint George,US,2021-10-05 21:11:41,37.1041,-113.5841,80.64,32,75,1.01
63,Malchin,DE,2021-10-05 21:16:20,53.7333,12.7833,55.04,95,100,10.76
64,Srednekolymsk,RU,2021-10-05 21:12:48,67.45,153.6833,14.72,89,76,8.08
65,Cockburn Town,TC,2021-10-05 21:13:40,21.4612,-71.1419,83.19,76,98,23.26
66,Saryozek,KZ,2021-10-05 21:16:21,44.3583,77.9753,34.57,98,100,7.02
67,Manzanillo,CU,2021-10-05 21:16:22,20.3433,-77.1167,86.74,57,93,4.92
68,Suzdal,RU,2021-10-05 21:16:22,56.4281,40.4414,37.22,78,1,5.77
69,Cam Ranh,VN,2021-10-05 21:16:23,11.9214,109.1591,78.76,89,75,4.61
70,Hermanus,ZA,2021-10-05 21:12:59,-34.4187,19.2345,57.79,88,9,10.31
71,Krasnoselkup,RU,2021-10-05 21:13:25,65.7,82.4667,37.42,98,100,17.54
72,San Buenaventura,MX,2021-10-05 21:16:24,27.0833,-101.5333,89.01,24,0,9.75
73,Arraial Do Cabo,BR,2021-10-05 21:12:39,-22.9661,-42.0278,71.46,83,90,5.75
74,Nalut,LY,2021-10-05 21:13:48,30.3333,10.85,79.41,23,0,10.02
75,Palmer,US,2021-10-05 21:16:24,42.1584,-72.3287,60.66,82,90,6.91
76,Narsaq,GL,2021-10-05 21:14:18,60.9167,-46.05,34.02,67,1,5.59
77,Mahebourg,MU,2021-10-05 21:12:44,-20.4081,57.7,71.26,81,5,7.07
78,Labuhan,ID,2021-10-05 21:14:32,-6.8844,112.2051,77.43,77,61,16.4
79,Vaini,TO,2021-10-05 21:11:40,-21.2,-175.2,78.96,83,20,8.05
80,Sola,VU,2021-10-05 21:16:26,-13.8833,167.55,81.27,89,40,0.0
81,Luderitz,NA,2021-10-05 21:14:41,-26.6481,15.1594,57.29,78,0,6.73
82,Egvekinot,RU,2021-10-05 21:12:38,66.3167,-179.1667,29.16,93,100,11.39
83,Boguchany,RU,2021-10-05 21:16:27,58.3814,97.4531,25.45,91,12,2.57
84,Atar,MR,2021-10-05 21:16:27,20.5169,-13.0499,91.04,18,2,8.41
85,East London,ZA,2021-10-05 21:12:06,-33.0153,27.9116,60.55,81,46,8.08
86,Juneau,US,2021-10-05 21:14:47,58.3019,-134.4197,46.85,75,1,9.22
87,Sechura,PE,2021-10-05 21:16:28,-5.5569,-80.8222,73.11,63,23,15.66
88,Coihaique,CL,2021-10-05 21:16:29,-45.5752,-72.0662,52.41,35,20,8.05
89,Ler,SS,2021-10-05 21:16:29,8.3018,30.1418,73.4,90,88,2.89
90,Rovnoye,RU,2021-10-05 21:16:30,50.7765,46.0509,41.83,49,0,11.05
91,Bredasdorp,ZA,2021-10-05 21:11:59,-34.5322,20.0403,57.27,95,9,7.85
92,Bathsheba,BB,2021-10-05 21:14:37,13.2167,-59.5167,84.81,65,20,20.71
93,Lompoc,US,2021-10-05 21:13:35,34.6391,-120.4579,85.78,65,1,19.57
94,Aras,ES,2021-10-05 21:16:31,42.5617,-2.356,57.72,71,90,2.3
95,Port Alfred,ZA,2021-10-05 21:08:03,-33.5906,26.891,61.36,79,44,13.94
96,Puerto El Triunfo,SV,2021-10-05 21:16:32,13.2833,-88.55,94.06,71,26,6.76
97,Yellowknife,CA,2021-10-05 21:11:56,62.456,-114.3525,42.3,69,91,7.61
98,Atuona,PF,2021-10-05 21:12:37,-9.8,-139.0333,78.37,73,72,20.87
99,Calais,FR,2021-10-05 21:16:33,50.9167,1.8333,57.22,78,31,26.08
100,Antalaha,MG,2021-10-05 21:16:33,-14.9003,50.2788,67.1,88,9,5.59
101,Mount Isa,AU,2021-10-05 21:16:34,-20.7333,139.5,74.97,16,67,3.44
102,Fortuna,US,2021-10-05 21:15:04,40.5982,-124.1573,75.47,71,40,5.01
103,Nanortalik,GL,2021-10-05 21:11:51,60.1432,-45.2371,38.14,75,0,8.84
104,Ayagoz,KZ,2021-10-05 21:16:35,47.9714,80.4392,30.47,93,91,9.17
105,Norman Wells,CA,2021-10-05 21:14:49,65.282,-126.8329,33.01,80,22,8.28
106,Quatre Cocos,MU,2021-10-05 21:14:24,-20.2078,57.7625,71.1,82,9,6.31
107,Vilhena,BR,2021-10-05 21:15:59,-12.7406,-60.1458,71.82,94,90,5.75
108,La Ronge,CA,2021-10-05 21:15:36,55.1001,-105.2842,53.82,32,90,13.8
109,Provideniya,RU,2021-10-05 21:12:20,64.3833,-173.3,39.31,87,90,6.71
110,Sao Joao Da Barra,BR,2021-10-05 21:13:55,-21.6403,-41.0511,75.29,86,100,12.08
111,Grindavik,IS,2021-10-05 21:16:37,63.8424,-22.4338,43.27,81,75,10.36
112,Rzhev,RU,2021-10-05 21:16:38,56.2624,34.3282,38.3,95,1,6.2
113,Bilma,NE,2021-10-05 21:16:38,18.6853,12.9164,85.51,15,1,7.61
114,Kamaishi,JP,2021-10-05 21:16:39,39.2667,141.8833,61.39,91,100,11.12
115,Upernavik,GL,2021-10-05 21:08:43,72.7868,-56.1549,30.06,52,100,5.26
116,Huarmey,PE,2021-10-05 21:16:39,-10.0681,-78.1522,67.08,76,38,11.63
117,Chuy,UY,2021-10-05 21:09:16,-33.6971,-53.4616,60.15,68,0,6.73
118,Dhamtari,IN,2021-10-05 21:16:40,20.7072,81.5497,74.5,92,23,3.31
119,Saint-Philippe,RE,2021-10-05 21:12:04,-21.3585,55.7679,69.39,83,17,6.02
120,Khatanga,RU,2021-10-05 21:11:46,71.9667,102.5,29.34,98,100,8.72
121,Laiyang,CN,2021-10-05 21:16:41,36.9758,120.7136,60.85,75,100,4.83
122,Marzuq,YE,2021-10-05 21:16:42,14.4,46.4667,80.69,48,3,1.52
123,Dikson,RU,2021-10-05 21:13:35,73.5069,80.5464,36.27,96,99,18.52
124,Murgab,TM,2021-10-05 21:16:42,37.4966,61.9714,49.87,62,2,6.91
125,Dromolaxia,CY,2021-10-05 21:16:43,34.8761,33.586,71.67,71,0,4.61
126,Fort Payne,US,2021-10-05 21:16:43,34.4442,-85.7197,74.41,58,90,7.0
127,Muroto,JP,2021-10-05 21:16:44,33.2833,134.15,72.03,75,37,6.08
128,Istok,XK,2021-10-05 21:16:44,42.7808,20.4875,56.32,46,1,1.03
129,Reitz,ZA,2021-10-05 21:16:45,-27.8014,28.4273,54.95,29,3,3.11
130,Hobart,AU,2021-10-05 21:09:35,-42.8794,147.3294,49.86,63,75,1.99
131,Constitucion,CL,2021-10-05 21:15:03,-35.3333,-72.4167,60.08,58,99,16.8
132,Nikolskoye,RU,2021-10-05 21:12:54,59.7035,30.7861,50.88,72,93,11.61
133,Puerto Del Rosario,ES,2021-10-05 21:16:46,28.5004,-13.8627,71.35,73,75,13.8
134,Wau,SS,2021-10-05 21:16:47,7.7029,27.9953,74.37,80,76,3.47
135,Dicabisagan,PH,2021-10-05 21:16:47,17.0818,122.4157,77.02,93,100,3.53
136,Thompson,CA,2021-10-05 21:13:15,55.7435,-97.8558,55.45,23,100,8.37
137,Fria,GN,2021-10-05 21:16:48,10.4167,-13.5833,78.22,90,79,1.23
138,Porto Walter,BR,2021-10-05 21:16:48,-8.2686,-72.7439,78.76,89,95,3.15
139,Oro Valley,US,2021-10-05 21:16:49,32.3909,-110.9665,92.66,33,8,8.01
140,Itiuba,BR,2021-10-05 21:16:49,-10.6917,-39.8536,85.8,29,12,7.94
141,Tautira,PF,2021-10-05 21:16:50,-17.7333,-149.15,82.42,71,61,10.58
142,Selma,US,2021-10-05 21:16:51,36.5708,-119.6121,89.91,26,1,4.61
143,Nyagan,RU,2021-10-05 21:16:51,62.1406,65.3936,34.12,95,100,5.46
144,Gravelbourg,CA,2021-10-05 21:16:52,49.8834,-106.5512,84.47,14,27,8.75
145,Halifax,CA,2021-10-05 21:10:40,44.6453,-63.5724,63.34,63,67,1.01
146,Guerrero Negro,MX,2021-10-05 21:11:28,27.9769,-114.0611,78.21,61,1,17.54
147,Helmstedt,DE,2021-10-05 21:16:53,52.2279,11.0099,57.25,88,70,10.07
148,Mandali,IQ,2021-10-05 21:15:48,33.7499,45.5541,77.77,16,0,8.81
149,Kavieng,PG,2021-10-05 21:11:24,-2.5744,150.7967,80.49,80,100,8.39
150,Kalmunai,LK,2021-10-05 21:15:36,7.4167,81.8167,77.94,84,93,13.89
151,Port Hardy,CA,2021-10-05 21:12:55,50.6996,-127.4199,46.18,93,100,4.43
152,Tasiilaq,GL,2021-10-05 21:12:36,65.6145,-37.6368,33.96,80,18,6.35
153,Ponta Do Sol,PT,2021-10-05 21:14:35,32.6667,-17.1,72.23,76,100,5.59
154,Klaksvik,FO,2021-10-05 21:14:36,62.2266,-6.589,43.72,76,95,9.19
155,Ahipara,NZ,2021-10-05 21:14:30,-35.1667,173.1667,64.36,81,99,7.94
156,Xiaoweizhai,CN,2021-10-05 21:16:55,26.1903,107.5125,65.79,89,0,1.43
157,Ucluelet,CA,2021-10-05 21:13:12,48.9329,-125.5528,51.1,92,96,7.14
158,Tura,IN,2021-10-05 21:14:09,25.5198,90.2201,71.55,93,4,2.95
159,Dolores,AR,2021-10-05 21:16:56,-36.3132,-57.6792,65.17,66,0,6.31
160,Sultanpur,IN,2021-10-05 21:16:57,26.2667,82.0667,79.81,76,3,2.3
161,Baisha,CN,2021-10-05 21:16:57,26.5222,110.9311,75.33,84,87,2.66
162,Georgetown,MY,2021-10-05 21:11:28,5.4112,100.3354,77.9,93,20,3.44
163,Luang Prabang,LA,2021-10-05 21:16:58,19.8856,102.1347,71.08,91,82,1.7
164,Poso,ID,2021-10-05 21:16:59,-1.3959,120.7524,76.12,76,96,4.9
165,Zdvinsk,RU,2021-10-05 21:16:59,54.7021,78.661,32.72,95,100,15.19
166,Butaritari,KI,2021-10-05 21:11:29,3.0707,172.7902,81.88,70,19,14.47
167,Isangel,VU,2021-10-05 21:17:00,-19.55,169.2667,80.71,89,75,0.0
168,Vila Velha,BR,2021-10-05 21:12:31,-20.3297,-40.2925,73.35,88,20,11.5
169,Okato,NZ,2021-10-05 21:17:01,-39.2,173.8833,58.42,94,100,12.08
170,Abengourou,CI,2021-10-05 21:17:01,6.7297,-3.4964,72.52,98,100,2.48
171,Yulara,AU,2021-10-05 21:14:06,-25.2406,130.9889,66.04,30,71,7.58
172,Longyearbyen,SJ,2021-10-05 21:14:55,78.2186,15.6401,39.04,70,75,17.27
173,Paracuru,BR,2021-10-05 21:17:02,-3.41,-39.0306,82.42,78,57,13.89
174,Bone,DE,2021-10-05 21:17:03,51.9669,12.1396,54.27,96,99,9.4
175,Los Llanos De Aridane,ES,2021-10-05 21:09:59,28.6585,-17.9182,69.55,73,90,12.66
176,Marsa Matruh,EG,2021-10-05 21:17:04,31.3525,27.2453,71.02,65,0,8.84
177,Douentza,ML,2021-10-05 21:17:04,14.9951,-2.9517,92.71,29,66,4.16
178,Puqi,CN,2021-10-05 21:17:05,29.7167,113.8833,65.88,85,72,6.49
179,Nome,US,2021-10-05 21:17:05,64.5011,-165.4064,44.67,93,90,12.66
180,Yen Bai,VN,2021-10-05 21:17:06,21.7,104.8667,75.58,85,28,2.42
181,Carnarvon,AU,2021-10-05 21:13:17,-24.8667,113.6333,62.51,68,36,24.27
182,Aksarka,RU,2021-10-05 21:17:07,66.5606,67.7975,38.12,89,92,13.09
183,Yar-Sale,RU,2021-10-05 21:12:01,66.8333,70.8333,37.83,88,82,10.71
184,Ahuimanu,US,2021-10-05 21:17:08,21.4447,-157.8378,83.91,61,40,12.66
185,Kodiak,US,2021-10-05 21:13:31,57.79,-152.4072,44.89,93,100,2.28
186,Kutum,SD,2021-10-05 21:15:33,14.2,24.6667,76.69,20,2,15.77
187,Susanville,US,2021-10-05 21:12:53,40.4163,-120.653,73.81,25,40,15.99
188,Mutoko,ZW,2021-10-05 21:17:09,-17.397,32.2268,65.46,67,1,7.61
189,Shizunai,JP,2021-10-05 21:17:09,42.3339,142.3669,53.82,81,75,9.78
190,Russell,US,2021-10-05 21:17:10,32.3502,-85.1999,75.11,82,90,4.61
191,Mardin,TR,2021-10-05 21:17:11,37.3131,40.7436,57.72,24,1,6.22
192,Olbia,IT,2021-10-05 21:17:11,40.9214,9.4856,66.25,59,20,10.36
193,Kahului,US,2021-10-05 21:13:03,20.8947,-156.47,87.82,62,40,21.85
194,Brigantine,US,2021-10-05 21:17:12,39.4101,-74.3646,68.02,92,90,6.91
195,Yaan,NG,2021-10-05 21:11:36,7.3833,8.5667,76.84,87,98,5.12
196,Takoradi,GH,2021-10-05 21:17:13,4.8845,-1.7554,77.77,88,100,6.08
197,Dobrinka,RU,2021-10-05 21:17:13,52.1653,40.4731,42.58,65,69,8.84
198,Ternate,ID,2021-10-05 21:17:14,0.8,127.4,80.67,74,87,1.59
199,Tornio,FI,2021-10-05 21:17:14,65.8481,24.1466,50.02,94,81,18.57
200,Najran,SA,2021-10-05 21:17:14,17.4924,44.1277,77.65,18,92,2.84
201,Atherton,GB,2021-10-05 21:17:15,53.5237,-2.4935,55.42,83,41,8.99
202,Sao Filipe,CV,2021-10-05 21:13:02,14.8961,-24.4956,81.23,72,5,6.69
203,Lagoa,PT,2021-10-05 21:13:18,39.05,-27.9833,71.85,87,70,10.45
204,Samarskoye,RU,2021-10-05 21:17:16,46.9336,39.6814,49.59,40,99,19.35
205,Gizo,SB,2021-10-05 21:12:36,-8.103,156.8419,83.12,73,100,8.08
206,Araouane,ML,2021-10-05 21:17:17,18.9048,-3.5265,92.01,25,28,8.52
207,Itoman,JP,2021-10-05 21:17:17,26.1247,127.6694,80.98,89,20,11.5
208,Kolpashevo,RU,2021-10-05 21:17:18,58.3131,82.9089,26.94,88,14,4.0
209,Vardo,NO,2021-10-05 21:13:51,70.3705,31.1107,50.2,84,100,27.65
210,Naze,JP,2021-10-05 21:17:19,28.3667,129.4833,76.86,71,57,16.24
211,Batetskiy,RU,2021-10-05 21:17:19,58.6461,30.3027,45.37,76,95,10.8
212,Tyukalinsk,RU,2021-10-05 21:17:20,55.8732,72.1967,27.03,85,13,6.02
213,Whitehorse,CA,2021-10-05 21:12:27,60.7161,-135.0538,39.02,67,54,8.01
214,Nurobod,UZ,2021-10-05 21:12:56,40.9056,69.8023,50.85,57,92,1.86
215,Asilah,MA,2021-10-05 21:17:21,35.465,-6.0348,67.96,54,100,14.43
216,Palu,ID,2021-10-05 21:17:21,-0.8917,119.8707,75.11,95,96,2.86
217,Ciudad Bolivar,VE,2021-10-05 21:17:22,8.1222,-63.5497,93.42,41,28,10.74
218,Airai,TL,2021-10-05 21:12:57,-8.9266,125.4092,59.5,62,90,2.21
219,Haines Junction,CA,2021-10-05 21:14:48,60.7522,-137.5108,36.95,65,89,1.52
220,Goba,ET,2021-10-05 21:17:24,7.0167,39.9833,49.84,87,55,4.18
221,Shar,KZ,2021-10-05 21:17:24,49.5886,81.0453,33.19,81,100,10.87
222,Kaptanganj,IN,2021-10-05 21:17:25,26.9267,83.7153,78.55,82,56,3.8
223,Poum,NC,2021-10-05 21:17:25,-20.2333,164.0167,74.66,80,0,7.87
224,Kjollefjord,NO,2021-10-05 21:17:26,70.9457,27.3465,51.58,84,76,10.74
225,Ostersund,SE,2021-10-05 21:17:27,63.1792,14.6357,48.65,93,100,11.5
226,Vila Franca Do Campo,PT,2021-10-05 21:14:05,37.7167,-25.4333,75.2,89,100,4.85
227,Berlevag,NO,2021-10-05 21:12:50,70.8578,29.0864,51.75,71,0,24.16
228,Mawlaik,MM,2021-10-05 21:17:28,23.6333,94.4167,74.61,95,96,0.63
229,Tucuman,AR,2021-10-05 21:17:29,-26.8241,-65.2226,82.4,24,0,21.85
230,Te Anau,NZ,2021-10-05 21:12:05,-45.4167,167.7167,51.64,88,99,0.67
231,Port Elizabeth,ZA,2021-10-05 21:12:42,-33.918,25.5701,60.1,83,7,10.33
232,Stari Banovci,RS,2021-10-05 21:17:30,44.9864,20.2867,63.01,46,0,18.41
233,Turukhansk,RU,2021-10-05 21:13:07,65.8167,87.9833,32.94,99,100,16.08
234,Longhua,CN,2021-10-05 21:17:31,23.6137,114.1919,76.3,81,59,1.61
235,Tiksi,RU,2021-10-05 21:11:41,71.6872,128.8694,28.0,93,100,10.69
236,La Fria,VE,2021-10-05 21:17:31,8.2203,-72.2439,91.51,53,98,4.56
237,Tungor,RU,2021-10-05 21:17:32,53.3808,142.9564,40.68,73,95,10.22
238,Camana,PE,2021-10-05 21:17:32,-16.6228,-72.7111,63.14,79,100,7.0
239,Sorland,NO,2021-10-05 21:15:13,67.667,12.6934,51.06,86,49,25.19
240,Elko,US,2021-10-05 21:17:33,41.0002,-115.5012,78.75,17,35,1.99
241,Evensk,RU,2021-10-05 21:17:34,61.95,159.2333,29.79,54,100,13.0
242,Coahuayana,MX,2021-10-05 21:17:34,18.7333,-103.6833,89.08,69,94,5.64
243,Inta,RU,2021-10-05 21:15:42,66.0317,60.1659,39.15,89,13,20.02
244,Sioux Lookout,CA,2021-10-05 21:12:58,50.1001,-91.917,73.56,41,51,7.92
245,Maumere,ID,2021-10-05 21:17:35,-8.6199,122.2111,78.04,83,99,6.55
246,Kandalaksha,RU,2021-10-05 21:17:35,67.162,32.4123,48.52,91,100,12.93
247,Akdepe,TM,2021-10-05 21:17:36,42.0551,59.3788,44.69,30,98,18.95
248,Tilichiki,RU,2021-10-05 21:17:36,60.4667,166.1,29.17,74,100,13.0
249,Diamantino,BR,2021-10-05 21:17:37,-14.4086,-56.4461,81.27,68,96,2.46
250,Kearney,US,2021-10-05 21:17:04,40.6995,-99.0815,79.57,32,1,3.0
251,Aklavik,CA,2021-10-05 21:12:43,68.2191,-135.0107,30.15,76,9,13.69
252,Sambava,MG,2021-10-05 21:15:24,-14.2667,50.1667,69.89,86,10,8.97
253,Amahai,ID,2021-10-05 21:17:38,-3.3333,128.9167,77.13,84,100,1.81
254,Qandala,SO,2021-10-05 21:17:39,11.472,49.8728,88.56,60,24,5.26
255,Banda Aceh,ID,2021-10-05 21:17:39,5.5577,95.3222,79.68,79,100,10.47
256,Cangucu,BR,2021-10-05 21:14:20,-31.395,-52.6756,58.21,72,0,7.76
257,Boyabat,TR,2021-10-05 21:17:40,41.4689,34.7667,51.1,84,75,4.92
258,Teluknaga,ID,2021-10-05 21:17:40,-6.0989,106.6381,80.64,88,100,5.01
259,Tahoua,NE,2021-10-05 21:17:41,14.8888,5.2692,92.07,16,44,6.73
260,Veraval,IN,2021-10-05 21:17:41,20.9,70.3667,80.69,82,91,9.06
261,Broken Hill,AU,2021-10-05 21:12:20,-31.95,141.4333,57.58,31,0,7.65
262,Whitehaven,GB,2021-10-05 21:17:42,54.549,-3.5841,50.83,74,28,19.8
263,Arlit,NE,2021-10-05 21:17:43,18.7369,7.3853,89.98,13,0,11.56
264,Bubaque,GW,2021-10-05 21:17:43,11.2833,-15.8333,83.37,72,100,2.71
265,Dingle,PH,2021-10-05 21:17:44,10.9995,122.6711,74.07,95,100,1.5
266,Beringovskiy,RU,2021-10-05 21:09:54,63.05,179.3167,34.48,86,100,18.48
267,Boke,GN,2021-10-05 21:17:45,10.9409,-14.2967,77.34,91,67,2.24
268,Zhashkiv,UA,2021-10-05 21:17:45,49.2454,30.1102,46.65,60,1,10.0
269,Srandakan,ID,2021-10-05 21:11:55,-7.9386,110.2506,74.62,87,100,8.19
270,Abha,SA,2021-10-05 21:11:58,18.2164,42.5053,68.25,60,0,0.0
271,Yuci,CN,2021-10-05 21:17:46,37.6803,112.7319,44.35,87,90,2.24
272,Hamilton,US,2021-10-05 21:17:47,39.1834,-84.5333,81.77,65,40,1.01
273,Cabra,ES,2021-10-05 21:17:47,37.4725,-4.4421,67.39,57,100,3.4
274,Roma,US,2021-10-05 21:17:15,43.2128,-75.4557,64.81,93,90,4.61
275,Sitka,US,2021-10-05 21:13:36,57.0531,-135.33,48.09,57,1,0.0
276,Cabo San Lucas,MX,2021-10-05 21:15:12,22.8909,-109.9124,96.51,51,20,8.05
277,Kouroussa,GN,2021-10-05 21:17:49,10.65,-9.8833,75.18,87,100,3.02
278,Gat,IL,2021-10-05 21:17:49,31.61,34.7642,72.28,66,0,3.33
279,Alofi,NU,2021-10-05 21:13:34,-19.0595,-169.9187,80.49,78,75,11.5
280,Shatrovo,RU,2021-10-05 21:17:50,56.5167,64.6333,31.86,79,100,3.74
281,Dolinsk,RU,2021-10-05 21:17:51,47.35,142.8,39.06,80,99,5.44
282,Simao,CN,2021-10-05 21:13:16,22.7886,100.9748,63.43,82,25,1.83
283,High Rock,BS,2021-10-05 21:17:51,26.6208,-78.2833,84.22,72,7,10.65
284,Zomba,MW,2021-10-05 21:17:52,-15.386,35.3188,72.93,45,5,6.46
285,Ocampo,MX,2021-10-05 21:17:52,21.65,-101.5,66.96,61,89,11.68
286,Laguna,US,2021-10-05 21:12:21,38.421,-121.4238,87.64,25,1,7.0
287,Torbay,CA,2021-10-05 21:11:33,47.6666,-52.7314,48.58,80,100,7.0
288,Harper,LR,2021-10-05 21:13:27,4.375,-7.7169,77.76,87,6,7.27
289,Esperance,AU,2021-10-05 21:14:14,-33.8667,121.9,52.9,69,97,11.7
290,Yumen,CN,2021-10-05 21:17:54,40.2833,97.2,47.46,44,2,5.86
291,Vendychany,UA,2021-10-05 21:17:54,48.6118,27.7932,52.9,52,0,8.9
292,San Patricio,US,2021-10-05 21:13:48,28.017,-97.5169,92.12,26,0,8.97
293,Madimba,TZ,2021-10-05 21:17:55,-10.4,40.3333,72.48,88,6,5.23
294,Ramachandrapuram,IN,2021-10-05 21:17:55,16.85,82.0167,77.79,92,25,5.14
295,Yuanping,CN,2021-10-05 21:17:56,38.7153,112.7575,45.43,92,100,2.64
296,Mokrousovo,RU,2021-10-05 21:17:56,55.8103,66.7653,28.17,80,29,3.71
297,Caravelas,BR,2021-10-05 21:11:49,-17.7125,-39.2481,75.63,82,72,9.89
298,Mehamn,NO,2021-10-05 21:14:54,71.0357,27.8492,51.71,83,86,14.18
299,Farah,AF,2021-10-05 21:17:58,32.5,62.5,65.5,14,0,2.21
300,Olga,RU,2021-10-05 21:17:58,43.7444,135.2892,38.3,80,27,6.42
301,Mana,GF,2021-10-05 21:17:59,5.6592,-53.7767,82.71,75,68,9.53
302,Quarteira,PT,2021-10-05 21:17:59,37.0695,-8.1006,71.37,73,0,4.61
303,Korla,CN,2021-10-05 21:12:49,41.7597,86.1469,52.99,46,15,3.67
304,Soyo,AO,2021-10-05 21:18:00,-6.1349,12.3689,76.15,75,100,7.0
305,Vazante,BR,2021-10-05 21:17:40,-17.9869,-46.9078,91.78,24,83,2.26
306,Ginda,IN,2021-10-05 21:18:00,30.6945,78.4932,58.05,68,0,5.66
307,Padang,ID,2021-10-05 21:15:07,-0.9492,100.3543,76.87,87,97,1.86
308,Bengkulu,ID,2021-10-05 21:11:37,-3.8004,102.2655,74.21,90,100,3.44
309,Vestmanna,FO,2021-10-05 21:12:26,62.1564,-7.1664,41.92,93,20,6.91
310,Necochea,AR,2021-10-05 21:12:29,-38.5473,-58.7368,56.03,65,94,11.61
311,Morondava,MG,2021-10-05 21:12:24,-20.2833,44.2833,76.26,68,0,9.8
312,Leh,IN,2021-10-05 21:18:02,34.1667,77.5833,47.17,39,1,4.83
313,Cayenne,GF,2021-10-05 21:15:09,4.9333,-52.3333,86.04,80,0,5.01
314,Coquimbo,CL,2021-10-05 21:12:38,-29.9533,-71.3436,56.93,71,20,11.5
315,Lawrenceburg,US,2021-10-05 21:18:03,38.0373,-84.8966,78.69,69,20,6.91
316,Tamandare,BR,2021-10-05 21:18:04,-8.7597,-35.1047,75.72,79,41,5.73
317,Skjervoy,NO,2021-10-05 21:18:04,70.0311,20.9714,50.05,76,98,15.52
318,Kirkwall,GB,2021-10-05 21:18:05,58.9848,-2.9587,50.34,85,75,14.97
319,Upington,ZA,2021-10-05 21:18:05,-28.4478,21.2561,70.18,13,46,5.75
320,Lamu,KE,2021-10-05 21:18:06,-2.2717,40.902,77.22,80,85,13.11
321,Barbacoas,CO,2021-10-05 21:18:06,1.6715,-78.1398,78.31,92,97,3.2
322,Okhotsk,RU,2021-10-05 21:11:56,59.3833,143.3,25.77,70,7,15.12
323,Husavik,IS,2021-10-05 21:13:53,66.0449,-17.3389,36.16,79,100,4.29
324,Micheweni,TZ,2021-10-05 21:18:07,-4.9667,39.8333,76.42,80,12,12.12
325,Kimbe,PG,2021-10-05 21:14:42,-5.5502,150.1429,77.09,92,93,3.87
326,Hailar,CN,2021-10-05 21:18:08,49.2,119.7,35.42,58,100,5.39
327,Owase,JP,2021-10-05 21:18:09,34.0667,136.2,67.82,78,76,5.82
328,Solnechnyy,RU,2021-10-05 21:12:22,50.7214,136.6319,32.74,83,16,2.86
329,Richards Bay,ZA,2021-10-05 21:12:17,-28.783,32.0377,66.0,89,100,7.72
330,Menongue,AO,2021-10-05 21:18:10,-14.6585,17.691,67.73,64,87,8.08
331,Portland,US,2021-10-05 21:11:44,45.5234,-122.6762,58.5,93,90,1.01
332,Medina,SA,2021-10-05 21:18:11,24.4686,39.6142,91.83,12,0,5.75
333,Mnogovershinnyy,RU,2021-10-05 21:18:11,53.9353,139.9242,28.36,84,89,3.78
334,Orzu,TJ,2021-10-05 21:18:12,37.5593,68.8184,57.6,33,0,3.18
335,Raduzhnyy,RU,2021-10-05 21:18:12,62.0961,77.475,33.22,98,100,9.19
336,Boli,CN,2021-10-05 21:18:13,45.7667,130.5167,41.38,70,100,4.27
337,Charters Towers,AU,2021-10-05 21:18:13,-20.1,146.2667,71.26,88,95,9.17
338,Point Pleasant,US,2021-10-05 21:18:13,40.0832,-74.0682,67.23,86,90,3.0
339,Samarai,PG,2021-10-05 21:18:14,-10.6167,150.6667,80.02,82,54,13.44
340,Fort Nelson,CA,2021-10-05 21:15:13,58.8053,-122.7002,41.68,56,94,3.62
341,Salalah,OM,2021-10-05 21:09:25,17.0151,54.0924,80.69,94,75,6.91
342,Carutapera,BR,2021-10-05 21:14:54,-1.195,-46.02,80.58,74,51,9.51
343,Darhan,MN,2021-10-05 21:18:16,49.4867,105.9228,43.7,60,100,1.52
344,Ancud,CL,2021-10-05 21:13:11,-41.8697,-73.8203,53.13,53,1,8.1
345,Flers,FR,2021-10-05 21:18:16,48.7372,-0.5747,50.25,90,9,8.9
346,Constantine,DZ,2021-10-05 21:18:17,36.365,6.6147,62.01,82,20,5.75
347,Kalengwa,ZM,2021-10-05 21:18:17,-13.4659,25.0027,65.12,89,99,3.8
348,Santa Helena De Goias,BR,2021-10-05 21:18:18,-17.8136,-50.5969,89.94,39,9,5.23
349,Avera,US,2021-10-05 21:15:11,33.194,-82.5271,78.67,74,100,4.83
350,Acapulco,MX,2021-10-05 21:13:57,16.8634,-99.8901,87.62,70,75,13.8
351,Tyubuk,RU,2021-10-05 21:18:19,56.0552,60.9405,35.44,75,100,6.33
352,Cidreira,BR,2021-10-05 21:13:04,-30.1811,-50.2056,59.94,58,0,8.5
353,Galt,US,2021-10-05 21:18:04,38.2546,-121.3,86.85,33,100,7.0
354,Zelenogradskiy,RU,2021-10-05 21:18:20,56.1,37.9167,48.31,89,30,5.86
355,Mastic Beach,US,2021-10-05 21:18:20,40.7668,-72.8521,65.01,85,90,3.0
356,Havoysund,NO,2021-10-05 21:13:13,70.9963,24.6622,52.68,75,35,13.65
357,Mosquera,CO,2021-10-05 21:14:30,4.7059,-74.2302,64.49,68,40,8.05
358,Puerto Escondido,MX,2021-10-05 21:18:21,15.85,-97.0667,88.63,58,40,4.61
359,Mayo,US,2021-10-05 21:15:33,38.8876,-76.5119,79.95,90,90,8.99
360,Pundaguitan,PH,2021-10-05 21:12:33,6.3711,126.1689,82.15,74,100,4.03
361,Meadow Lake,US,2021-10-05 21:13:37,34.8014,-106.5436,82.71,29,69,12.28
362,Wenling,CN,2021-10-05 21:18:22,28.3669,121.36,74.91,86,41,5.68
363,Umm Lajj,SA,2021-10-05 21:18:23,25.0213,37.2685,80.92,63,0,10.85
364,Marietta,US,2021-10-05 21:15:00,33.9526,-84.5499,70.9,92,90,6.91
365,Pevek,RU,2021-10-05 21:12:42,69.7008,170.3133,28.06,92,100,19.01
366,Tuktoyaktuk,CA,2021-10-05 21:11:38,69.4541,-133.0374,30.15,83,100,16.49
367,Jeremie,HT,2021-10-05 21:18:24,18.65,-74.1167,85.14,64,98,6.22
368,Gorom-Gorom,BF,2021-10-05 21:18:25,14.4439,-0.2361,97.57,22,99,4.74
369,Salta,AR,2021-10-05 21:13:39,-24.7859,-65.4117,73.58,40,2,7.0
370,Garowe,SO,2021-10-05 21:18:25,8.4054,48.4845,78.62,70,10,21.45
371,Oeiras,BR,2021-10-05 21:18:26,-7.0253,-42.1311,94.46,19,63,7.81
372,Petropavlovsk-Kamchatskiy,RU,2021-10-05 21:15:56,53.0452,158.6483,34.39,64,20,11.18
373,Ilebo,CD,2021-10-05 21:18:26,-4.3167,20.5833,70.34,95,97,1.32
374,Biltine,TD,2021-10-05 21:15:00,14.5333,20.9167,84.79,16,56,8.3
375,Buraydah,SA,2021-10-05 21:18:27,26.326,43.975,84.65,19,0,10.6
376,Henties Bay,NA,2021-10-05 21:18:28,-22.116,14.2845,53.85,86,3,5.55
377,Pitimbu,BR,2021-10-05 21:15:27,-7.4706,-34.8086,79.39,78,57,11.68
378,Luwuk,ID,2021-10-05 21:18:29,-0.9516,122.7875,76.19,75,100,2.37
379,Natal,BR,2021-10-05 21:18:29,-5.795,-35.2094,80.82,78,0,12.66
380,Bagdarin,RU,2021-10-05 21:11:51,54.4333,113.6,27.64,69,49,0.98
381,Katsuura,JP,2021-10-05 21:13:13,35.1333,140.3,71.71,83,84,11.45
382,Victoria,HK,2021-10-05 21:12:23,22.2855,114.1577,84.18,73,4,1.99
383,Dunedin,NZ,2021-10-05 21:13:51,-45.8742,170.5036,49.8,95,100,23.0
384,Kuhdasht,IR,2021-10-05 21:12:29,33.535,47.6061,63.41,15,1,2.62
385,Esso,RU,2021-10-05 21:18:31,55.9333,158.7,28.0,77,56,6.2
386,Rorvik,NO,2021-10-05 21:18:31,64.8621,11.2373,42.91,100,0,2.3
387,Cozumel,MX,2021-10-05 21:18:32,20.5083,-86.9458,86.11,85,75,3.0
388,Balkhash,KZ,2021-10-05 21:18:32,46.844,74.9804,33.22,66,1,15.37
389,Yeniseysk,RU,2021-10-05 21:18:33,58.4497,92.1703,27.5,90,5,3.38
390,Talnakh,RU,2021-10-05 21:15:01,69.4865,88.3972,33.78,100,100,3.83
391,Komatipoort,ZA,2021-10-05 21:12:55,-25.4332,31.9548,69.04,87,59,2.44
392,Tocopilla,CL,2021-10-05 21:12:28,-22.092,-70.1979,63.19,67,9,5.57
393,Visby,SE,2021-10-05 21:18:34,57.6409,18.296,59.86,77,40,19.57
394,Praya,CV,2021-10-05 21:18:35,14.9215,-23.5087,81.14,78,40,14.97
395,Shimoda,JP,2021-10-05 21:18:35,34.6667,138.95,69.1,80,82,9.19
396,Pisco,PE,2021-10-05 21:14:23,-13.7,-76.2167,68.05,68,75,6.91
397,Gavle,SE,2021-10-05 21:18:36,60.6745,17.1417,53.51,94,100,4.0
398,Belomorsk,RU,2021-10-05 21:18:36,64.5232,34.7668,49.03,82,100,14.9
399,Hasaki,JP,2021-10-05 21:12:35,35.7333,140.8333,66.6,86,5,7.52
400,Sabha,LY,2021-10-05 21:18:37,27.0377,14.4283,78.62,24,0,9.13
401,Makakilo City,US,2021-10-05 21:13:11,21.3469,-158.0858,86.32,53,75,11.5
402,Yining,CN,2021-10-05 21:18:38,29.0361,114.5636,69.44,97,1,2.82
403,Nishihara,JP,2021-10-05 21:18:38,26.1842,127.7558,80.26,89,20,11.5
404,Aripuana,BR,2021-10-05 21:13:52,-9.1667,-60.6333,85.37,62,93,1.34
405,Voyvozh,RU,2021-10-05 21:15:41,62.892,54.9635,34.18,96,39,6.42
406,Vostok,RU,2021-10-05 21:11:46,46.4856,135.8833,28.56,86,0,4.65
407,Codrington,AU,2021-10-05 21:10:35,-38.2667,141.9667,43.11,89,43,8.66
408,Coos Bay,US,2021-10-05 21:18:40,43.3665,-124.2179,58.01,97,90,4.61
409,Saint-Pierre,RE,2021-10-05 21:09:46,-21.3393,55.4781,69.48,79,75,3.44
410,Slave Lake,CA,2021-10-05 21:12:48,55.2834,-114.769,53.04,32,99,11.25
411,Namatanai,PG,2021-10-05 21:14:06,-3.6667,152.4333,79.47,84,100,8.99
412,Boende,CD,2021-10-05 21:18:41,-0.2167,20.8667,70.97,96,100,1.43
413,Linxia,CN,2021-10-05 21:18:42,35.6003,103.2064,48.13,83,100,3.49
414,Arman,RU,2021-10-05 21:15:14,59.7,150.1667,25.54,55,0,9.22
415,Moorhead,US,2021-10-05 21:18:42,46.8739,-96.7676,82.98,32,1,7.0
416,Kurchum,KZ,2021-10-05 21:18:43,48.5722,83.6542,41.59,81,100,9.13
417,Margate,GB,2021-10-05 21:12:25,51.3813,1.3862,55.26,74,62,1.99
418,Mayumba,GA,2021-10-05 21:18:43,-3.432,10.6554,75.51,84,100,3.58
419,Lishu,CN,2021-10-05 21:18:44,43.3047,124.3278,45.9,63,96,5.64
420,Levokumskoye,RU,2021-10-05 21:18:44,44.8219,44.6606,48.88,69,100,20.0
421,Ostrovnoy,RU,2021-10-05 21:13:30,68.0531,39.5131,47.5,89,100,28.34
422,Chau Doc,VN,2021-10-05 21:18:45,10.7,105.1167,76.93,92,100,3.04
423,Tutoia,BR,2021-10-05 21:18:46,-2.7619,-42.2744,80.35,82,95,14.07
424,Asfi,MA,2021-10-05 21:18:46,32.2994,-9.2372,69.69,65,78,18.72
425,Innisfail,AU,2021-10-05 21:15:35,-17.5333,146.0333,72.97,86,51,2.95
426,Moose Factory,CA,2021-10-05 21:13:44,51.2585,-80.6094,64.89,67,83,4.23
427,Omboue,GA,2021-10-05 21:11:45,-1.5746,9.2618,76.64,86,100,9.33
428,Martaban,MM,2021-10-05 21:18:48,16.5314,97.6111,77.47,88,17,2.04
429,Vila Do Maio,CV,2021-10-05 21:18:49,15.1333,-23.2167,81.39,78,5,17.02
430,Pangnirtung,CA,2021-10-05 21:15:32,66.1451,-65.7125,37.4,75,90,5.75
431,Dandong,CN,2021-10-05 21:18:50,40.1292,124.3947,53.31,69,100,8.63
432,Seddon,AU,2021-10-05 21:18:50,-37.8068,144.8916,52.81,84,0,1.99
433,Mariental,NA,2021-10-05 21:18:51,-24.6333,17.9667,68.61,11,0,10.33
434,Benguela,AO,2021-10-05 21:18:51,-12.5763,13.4055,69.91,81,66,4.76
435,Kuryk,KZ,2021-10-05 21:18:52,43.2,51.65,51.62,49,100,21.85
436,Abu Kamal,SY,2021-10-05 21:12:47,34.4506,40.9171,72.81,25,0,5.17
437,Sibu,MY,2021-10-05 21:18:53,2.3,111.8167,73.71,100,40,3.44
438,Hambantota,LK,2021-10-05 21:14:27,6.1241,81.1185,78.87,83,100,17.31
439,Fare,PF,2021-10-05 21:18:53,-16.7,-151.0167,78.87,64,0,14.65
440,Trofors,NO,2021-10-05 21:18:54,65.5333,13.4063,52.95,83,51,6.49
441,Pangoa,PE,2021-10-05 21:18:54,-12.1167,-73.0,78.96,58,100,3.2
442,Ambilobe,MG,2021-10-05 21:14:59,-13.2,49.05,72.05,80,85,3.13
443,Doha,QA,2021-10-05 21:15:15,25.2867,51.5333,89.58,66,0,3.44
444,Tuatapere,NZ,2021-10-05 21:15:22,-46.1333,167.6833,54.41,89,100,3.44
445,Spa,BE,2021-10-05 21:18:56,50.4837,5.8667,52.09,88,74,14.74
446,Port Lincoln,AU,2021-10-05 21:14:11,-34.7333,135.8667,57.33,51,76,7.72
447,Bay Roberts,CA,2021-10-05 21:15:45,47.5999,-53.2648,49.33,76,100,5.01
448,Balclutha,NZ,2021-10-05 21:18:57,-46.2339,169.75,54.0,92,100,5.48
449,Kidal,ML,2021-10-05 21:18:57,18.4411,1.4078,90.9,16,8,9.89
450,Gao,ML,2021-10-05 21:18:58,16.6362,1.637,97.02,17,95,7.99
451,Vanimo,PG,2021-10-05 21:18:58,-2.6741,141.3028,77.02,91,69,4.03
452,Belaya Gora,RU,2021-10-05 21:18:59,68.5333,146.4167,21.49,66,100,9.01
453,Hatillo,PR,2021-10-05 21:18:59,18.4863,-66.8254,89.2,79,94,11.01
454,Barra Do Bugres,BR,2021-10-05 21:19:00,-15.0725,-57.1811,82.85,65,85,5.37
455,Iroquois Falls,CA,2021-10-05 21:19:00,48.7669,-80.6831,69.94,56,1,1.86
456,Atambua,ID,2021-10-05 21:13:05,-9.1061,124.8925,71.67,81,34,3.04
457,Lubao,PH,2021-10-05 21:19:01,14.9167,120.55,78.82,97,100,4.29
458,Alyangula,AU,2021-10-05 21:13:06,-13.8483,136.4192,79.84,75,27,6.22
459,Neuquen,AR,2021-10-05 21:14:15,-38.9516,-68.0591,60.69,25,90,10.36
460,Saint-Francois,FR,2021-10-05 21:13:14,46.4154,3.9054,49.68,88,79,4.61
461,Praxedis Guerrero,MX,2021-10-05 21:19:02,31.3667,-106.0167,87.28,23,8,7.81
462,Praia Da Vitoria,PT,2021-10-05 21:13:00,38.7333,-27.0667,73.76,94,51,9.6
463,Tabuk,PH,2021-10-05 21:19:03,17.4189,121.4443,73.89,95,100,1.86
464,Kribi,CM,2021-10-05 21:19:04,2.95,9.9167,77.56,89,98,5.37
465,Porangatu,BR,2021-10-05 21:19:04,-13.4408,-49.1486,90.63,36,49,5.23
466,Port Augusta,AU,2021-10-05 21:19:05,-32.5,137.7667,60.71,24,0,5.48
467,Ballina,AU,2021-10-05 21:19:05,-28.8667,153.5667,58.78,50,0,7.54
468,Suntar,RU,2021-10-05 21:19:05,62.1444,117.6319,29.19,95,88,4.63
469,Mocuba,MZ,2021-10-05 21:19:06,-16.8392,36.9856,72.39,87,9,2.98
470,Barpathar,IN,2021-10-05 21:19:07,26.3,93.8667,72.68,96,25,0.98
471,Ust-Maya,RU,2021-10-05 21:19:07,60.4167,134.5333,26.69,93,96,3.67
472,Lazaro Cardenas,MX,2021-10-05 21:14:42,17.9583,-102.2,86.25,73,94,9.6
473,Freeport,US,2021-10-05 21:11:11,40.6576,-73.5832,66.78,71,90,1.01
474,Surt,LY,2021-10-05 21:15:23,31.2089,16.5887,74.91,71,0,11.27
475,Gravdal,NO,2021-10-05 21:19:08,68.1214,13.5031,51.48,88,84,24.14
476,Galesong,ID,2021-10-05 21:19:09,-5.3166,119.3661,75.22,78,100,8.34
477,Alice Town,BS,2021-10-05 21:19:09,25.7167,-79.3,82.94,68,2,7.61
478,Odweyne,SO,2021-10-05 21:19:10,9.4092,45.064,78.96,53,37,11.52
479,Iralaya,HN,2021-10-05 21:18:15,15.0,-83.2333,78.89,80,100,8.03
480,Itaituba,BR,2021-10-05 21:19:11,-4.2761,-55.9836,91.56,58,20,1.97
481,Erzin,TR,2021-10-05 21:19:11,36.9559,36.2,70.52,40,0,2.17
482,Upata,VE,2021-10-05 21:19:12,8.0086,-62.3989,88.2,66,29,8.12
483,Zhigansk,RU,2021-10-05 21:14:44,66.7697,123.3711,28.17,89,100,14.65
484,Pringsewu,ID,2021-10-05 21:19:13,-5.3582,104.9744,75.22,89,93,5.68
485,Opuwo,NA,2021-10-05 21:19:13,-18.0607,13.84,70.59,19,82,6.98
486,Awbari,LY,2021-10-05 21:19:14,26.5921,12.7805,78.3,26,0,8.23
487,Puerto Narino,CO,2021-10-05 21:19:14,-3.7703,-70.3831,80.55,99,100,2.1
488,Vysokogornyy,RU,2021-10-05 21:19:15,50.1167,139.15,28.38,95,28,2.59
489,Tahta,EG,2021-10-05 21:07:02,26.7693,31.5021,74.61,39,0,11.05
490,Sitrah,BH,2021-10-05 21:19:15,26.1547,50.6206,86.36,80,42,1.99
491,Hovd,MN,2021-10-05 21:12:39,48.0056,91.6419,37.51,29,85,5.68
492,Tigil,RU,2021-10-05 21:19:16,57.8,158.6667,32.95,93,100,7.9
493,Kargopol,RU,2021-10-05 21:19:17,61.5071,38.9456,42.91,83,99,9.84
494,Axim,GH,2021-10-05 21:15:00,4.8699,-2.2405,77.81,89,100,5.35
495,Fort Wellington,GY,2021-10-05 21:19:17,6.4,-57.6,82.47,77,21,7.94
496,Zeya,RU,2021-10-05 21:19:18,53.75,127.2667,28.31,72,3,4.34
497,Jumla,NP,2021-10-05 21:19:18,29.2747,82.1838,56.8,79,58,0.58
498,Koutiala,ML,2021-10-05 21:19:19,12.3917,-5.4642,80.89,58,57,5.59
499,Ailigandi,PA,2021-10-05 21:19:19,9.2333,-78.0167,84.11,77,95,7.67
500,Conde,BR,2021-10-05 21:11:05,-7.2597,-34.9075,78.26,78,0,10.36
501,Jovellar,PH,2021-10-05 21:19:20,13.0695,123.5999,75.22,96,100,5.7
502,Gushikawa,JP,2021-10-05 21:12:31,26.3544,127.8686,81.63,89,1,10.36
503,Lavumisa,SZ,2021-10-05 21:19:21,-27.31,31.892,66.49,87,98,2.3
504,Bandarbeyla,SO,2021-10-05 21:14:29,9.4942,50.8122,78.26,85,83,19.71
505,Nanzhang,CN,2021-10-05 21:19:21,31.7765,111.8386,57.13,90,100,8.03
506,Kushima,JP,2021-10-05 21:19:22,31.4583,131.2333,63.91,85,0,4.52
507,Sarandi,BR,2021-10-05 21:19:23,-23.4436,-51.8739,80.15,65,0,3.44
508,Christiansfeld,DK,2021-10-05 21:19:23,55.3582,9.487,54.16,100,99,8.05
509,Martapura,ID,2021-10-05 21:19:24,-3.4167,114.85,75.29,100,75,1.14
510,Kavaratti,IN,2021-10-05 21:11:46,10.5669,72.642,81.3,81,99,14.85
511,Milicz,PL,2021-10-05 21:19:24,51.5277,17.2714,69.21,46,63,9.17
512,Qingyuan,CN,2021-10-05 21:19:25,23.7,113.0333,80.58,82,20,1.03
513,Terrace Bay,CA,2021-10-05 21:19:25,48.7834,-87.1,63.1,63,6,4.32
514,Dalnerechensk,RU,2021-10-05 21:19:26,45.9339,133.7225,37.27,73,13,4.18
515,Namibe,AO,2021-10-05 21:12:48,-15.1961,12.1522,63.39,74,72,10.47
516,Abu Dhabi,AE,2021-10-05 21:14:43,24.4667,54.3667,87.82,79,0,4.61
517,Sobradinho,BR,2021-10-05 21:11:34,-12.8333,-39.1,74.8,75,95,8.41
518,Sumenep,ID,2021-10-05 21:19:27,-7.0167,113.8667,79.39,77,80,4.83
519,Meulaboh,ID,2021-10-05 21:19:27,4.1363,96.1285,75.96,87,100,3.91
520,Lumberton,US,2021-10-05 21:19:28,34.6182,-79.0086,88.34,50,79,11.41
521,Qurayyat,SA,2021-10-05 21:19:29,31.3318,37.3428,68.18,42,0,11.5
522,Umea,SE,2021-10-05 21:19:29,63.8284,20.2597,49.93,100,90,10.36
523,Karema,TZ,2021-10-05 21:19:29,-6.8205,30.4389,77.97,69,84,5.82
524,El Alto,PE,2021-10-05 21:13:24,-4.2714,-81.2147,74.86,71,24,11.72
525,Mandera,KE,2021-10-05 21:11:33,3.9366,41.867,82.69,53,99,18.23
526,Stornoway,GB,2021-10-05 21:19:30,58.2093,-6.3865,51.93,93,22,4.61
527,Albanel,CA,2021-10-05 21:19:31,48.8832,-72.4487,60.78,59,0,8.05
528,Saurimo,AO,2021-10-05 21:15:17,-9.6608,20.3916,65.64,91,21,2.33
529,Elburg,NL,2021-10-05 21:19:32,52.4475,5.8431,54.21,84,17,3.0
530,Prince Rupert,CA,2021-10-05 21:15:06,54.3161,-130.3201,52.34,57,65,7.07
531,Kandrian,PG,2021-10-05 21:19:33,-6.2167,149.55,76.66,97,91,11.59
532,Betanzos,ES,2021-10-05 21:19:33,43.2804,-8.2147,62.11,89,40,3.44
533,Terra Santa,BR,2021-10-05 21:19:33,-2.1042,-56.4869,90.73,40,99,2.91
534,Davila,PH,2021-10-05 21:19:34,18.4726,120.5763,78.78,78,100,2.64
535,Muzhi,RU,2021-10-05 21:19:34,65.3667,64.6667,40.55,75,99,9.93
536,Kingaroy,AU,2021-10-05 21:19:35,-26.5333,151.8333,62.06,76,0,1.14
537,Cairns,AU,2021-10-05 21:19:35,-16.9167,145.7667,77.07,89,24,2.3
538,Port-Gentil,GA,2021-10-05 21:19:36,-0.7193,8.7815,78.1,85,100,16.58
539,Vestmannaeyjar,IS,2021-10-05 21:14:25,63.4427,-20.2734,43.39,91,100,25.1
540,Goderich,CA,2021-10-05 21:19:36,43.7501,-81.7165,67.03,82,19,10.36
541,Talcahuano,CL,2021-10-05 21:15:49,-36.7167,-73.1167,60.48,63,20,17.27
542,Burnie,AU,2021-10-05 21:14:09,-41.0667,145.9167,50.94,70,31,6.62
543,Miri,MY,2021-10-05 21:19:37,4.4148,114.0089,80.74,83,40,8.05
544,Suleja,NG,2021-10-05 21:19:38,9.1758,7.1808,75.22,89,100,0.94
545,Sargatskoye,RU,2021-10-05 21:19:38,55.6101,73.4972,27.07,85,11,7.61
546,Moussoro,TD,2021-10-05 21:19:39,13.6408,16.4901,92.19,15,98,16.15
547,Mildura,AU,2021-10-05 21:19:39,-34.2,142.15,53.08,58,4,5.75
548,Oranjemund,NA,2021-10-05 21:19:40,-28.55,16.4333,57.97,78,71,2.98
549,Bor,RU,2021-10-05 21:15:30,56.3567,44.0669,30.13,58,43,3.98
550,Fayaoue,NC,2021-10-05 21:19:40,-20.65,166.5333,74.95,87,1,7.67
